Model,Training MSE,Training r2,Testing MSE,Testing r2
Linear Regression Results,1.0075362951093687,1.0075362951093687,1.0206953660861033,0.7891616188563282
